Prompt,Response
"Here are a number of characteristics that may or may not apply to you. Please indicate the extent to which you agree or disagree with each statement. 1 denotes 'strongly disagree', 2 denotes 'a little disagree', 3 denotes 'neither agree nor disagree', 4 denotes 'little agree', 5 denotes 'strongly agree'. Here are the statements, score them one by one: 
1. Is outgoing, sociable.
2. Is compassionate, has a soft heart.
3. Tends to be disorganized.
4. Is relaxed, handles stress well.
5. Has few artistic interests.
6. Has an assertive personality.
7. Is respectful, treats others with respect.
8. Tends to be lazy.
9. Stays optimistic after experiencing a setback.
10. Is curious about many different things.
11. Rarely feels excited or eager.
12. Tends to find fault with others.
13. Is dependable, steady.
14. Is moody, has up and down mood swings.
15. Is inventive, finds clever ways to do things.
16. Tends to be quiet.
17. Feels little sympathy for others.
18. Is systematic, likes to keep things in order.
19. Can be tense.
20. Is fascinated by art, music, or literature.
21. Is dominant, acts as a leader.
22. Starts arguments with others.
23. Has difficulty getting started on tasks.
24. Feels secure, comfortable with self.
25. Avoids intellectual, philosophical discussions.
26. Is less active than other people.
27. Has a forgiving nature.
28. Can be somewhat careless.
29. Is emotionally stable, not easily upset.
30. Has little creativity.
31. Is sometimes shy, introverted.
32. Is helpful and unselfish with others.
33. Keeps things neat and tidy.
34. Worries a lot.
35. Values art and beauty.
36. Finds it hard to influence people.
37. Is sometimes rude to others.
38. Is efficient, gets things done.
39. Often feels sad.
40. Is complex, a deep thinker.
41. Is full of energy.
42. Is suspicious of others’ intentions.
43. Is reliable, can always be counted on.
44. Keeps their emotions under control.
45. Has difficulty imagining things.
46. Is talkative.
47. Can be cold and uncaring.
48. Leaves a mess, doesn’t clean up.
49. Rarely feels anxious or afraid.
50. Thinks poetry and plays are boring.
51. Prefers to have others take charge.
52. Is polite, courteous to others.
53. Is persistent, works until the task is finished.
54. Tends to feel depressed, blue.
55. Has little interest in abstract ideas.
56. Shows a lot of enthusiasm.
57. Assumes the best about people.
58. Sometimes behaves irresponsibly.
59. Is temperamental, gets emotional easily.
60. Is original, comes up with new ideas","model='llama2:7b' created_at='2024-12-17T19:21:12.11767329Z' done=True done_reason='stop' total_duration=213916411065 load_duration=4264186043 prompt_eval_count=816 prompt_eval_duration=4206677000 eval_count=1221 eval_duration=205442474000 response='Thank you for providing these statements! Here are my responses:\n\n1. Is outgoing, sociable - 3 (Neither agree nor disagree)\n2. Is compassionate, has a soft heart - 5 (Strongly agree)\n3. Tends to be disorganized - 4 (Little agree)\n4. Is relaxed, handles stress well - 5 (Strongly agree)\n5. Has few artistic interests - 1 (Strongly disagree)\n6. Has an assertive personality - 5 (Strongly agree)\n7. Is respectful, treats others with respect - 5 (Strongly agree)\n8. Tends to be lazy - 4 (Little agree)\n9. Stays optimistic after experiencing a setback - 5 (Strongly agree)\n10. Is curious about many different things - 5 (Strongly agree)\n11. Rarely feels excited or eager - 3 (Neither agree nor disagree)\n12. Tends to find fault with others - 4 (Little agree)\n13. Is dependable, steady - 5 (Strongly agree)\n14. Is moody, has up and down mood swings - 4 (Little agree)\n15. Is inventive, finds clever ways to do things - 5 (Strongly agree)\n16. Tends to be quiet - 3 (Neither agree nor disagree)\n17. Feels little sympathy for others - 2 (A little disagree)\n18. Is systematic, likes to keep things in order - 5 (Strongly agree)\n19. Can be tense - 4 (Little agree)\n20. Is fascinated by art, music, or literature - 5 (Strongly agree)\n21. Is dominant, acts as a leader - 3 (Neither agree nor disagree)\n22. Starts arguments with others - 4 (Little agree)\n23. Has difficulty getting started on tasks - 3 (Neither agree nor disagree)\n24. Feels secure, comfortable with self - 5 (Strongly agree)\n25. Avoids intellectual, philosophical discussions - 1 (Strongly disagree)\n26. Is less active than other people - 4 (Little agree)\n27. Has a forgiving nature - 5 (Strongly agree)\n28. Can be somewhat careless - 3 (Neither agree nor disagree)\n29. Is emotionally stable, not easily upset - 5 (Strongly agree)\n30. Has little creativity - 1 (Strongly disagree)\n31. Is sometimes shy, introverted - 3 (Neither agree nor disagree)\n32. Is helpful and unselfish with others - 5 (Strongly agree)\n33. Keeps things neat and tidy - 4 (Little agree)\n34. Worries a lot - 3 (Neither agree nor disagree)\n35. Values art and beauty - 5 (Strongly agree)\n36. Finds it hard to influence people - 3 (Neither agree nor disagree)\n37. Is sometimes rude to others - 4 (Little agree)\n38. Is efficient, gets things done - 5 (Strongly agree)\n39. Often feels sad - 3 (Neither agree nor disagree)\n40. Is complex, a deep thinker - 4 (Little agree)\n41. Is full of energy - 5 (Strongly agree)\n42. Is suspicious of others’ intentions - 4 (Little agree)\n43. Is reliable, can always be counted on - 5 (Strongly agree)\n44. Keeps their emotions under control - 4 (Little agree)\n45. Has difficulty imagining things - 3 (Neither agree nor disagree)\n46. Is talkative - 4 (Little agree)\n47. Can be cold and uncaring - 2 (A little disagree)\n48. Leaves a mess, doesn’t clean up - 4 (Little agree)\n49. Rarely feels anxious or afraid - 3 (Neither agree nor disagree)\n50. Thinks poetry and plays are boring - 1 (Strongly disagree)\n51. Prefers to have others take charge - 3 (Neither agree nor disagree)\n52. Is polite, courteous to others - 5 (Strongly agree)\n53. Is persistent, works until the task is finished - 5 (Strongly agree)\n54. Tends to feel depressed, blue - 3 (Neither agree nor disagree)\n55. Has little interest in abstract ideas - 1 (Strongly disagree)\n56. Shows a lot of enthusiasm - 5 (Strongly agree)\n57. Assumes the best about people - 5 (Strongly agree)\n58. Sometimes behaves irresponsibly - 4 (Little agree)\n59. Is temperamental, gets emotional easily - 4 (Little agree)\n60. Is original, comes up with new ideas - 5 (Strongly agree)' context=[518, 25580, 29962, 3532, 14816, 29903, 29958, 5299, 829, 14816, 29903, 6778, 13, 13, 10605, 526, 263, 1353, 310, 21862, 393, 1122, 470, 1122, 451, 3394, 304, 366, 29889, 3529, 12266, 278, 15834, 304, 607, 366, 8661, 470, 22941, 929, 411, 1269, 3229, 29889, 29871, 29896, 20169, 525, 1110, 368, 22941, 929, 742, 29871, 29906, 20169, 525, 29874, 2217, 22941, 929, 742, 29871, 29941, 20169, 525, 484, 2121, 8661, 3643, 22941, 929, 742, 29871, 29946, 20169, 525, 29880, 1992, 8661, 742, 29871, 29945, 20169, 525, 1110, 368, 8661, 4286, 2266, 526, 278, 9506, 29892, 8158, 963, 697, 491, 697, 29901, 29871, 13, 29896, 29889, 1317, 714, 17696, 29892, 5374, 519, 29889, 13, 29906, 29889, 1317, 752, 465, 291, 403, 29892, 756, 263, 4964, 5192, 29889, 13, 29941, 29889, 323, 1975, 304, 367, 766, 6388, 1891, 29889, 13, 29946, 29889, 1317, 26681, 287, 29892, 17766, 22884, 1532, 29889, 13, 29945, 29889, 11699, 2846, 1616, 4695, 20017, 29889, 13, 29953, 29889, 11699, 385, 4974, 573, 2022, 2877, 29889, 13, 29955, 29889, 1317, 3390, 1319, 29892, 2578, 1446, 4045, 411, 3390, 29889, 13, 29947, 29889, 323, 1975, 304, 367, 17366, 29889, 13, 29929, 29889, 624, 1036, 5994, 4695, 1156, 10623, 3277, 263, 731, 1627, 29889, 13, 29896, 29900, 29889, 1317, 12758, 1048, 1784, 1422, 2712, 29889, 13, 29896, 29896, 29889, 390, 598, 368, 23880, 24173, 470, 19888, 29889, 13, 29896, 29906, 29889, 323, 1975, 304, 1284, 12570, 411, 4045, 29889, 13, 29896, 29941, 29889, 1317, 8839, 519, 29892, 27357, 29889, 13, 29896, 29946, 29889, 1317, 2730, 1486, 29892, 756, 701, 322, 1623, 286, 2092, 2381, 886, 29889, 13, 29896, 29945, 29889, 1317, 11817, 573, 29892, 14061, 23455, 5837, 304, 437, 2712, 29889, 13, 29896, 29953, 29889, 323, 1975, 304, 367, 11813, 29889, 13, 29896, 29955, 29889, 5169, 1379, 2217, 29738, 363, 4045, 29889, 13, 29896, 29947, 29889, 1317, 1788, 2454, 29892, 4188, 267, 304, 3013, 2712, 297, 1797, 29889, 13, 29896, 29929, 29889, 1815, 367, 260, 1947, 29889, 13, 29906, 29900, 29889, 1317, 21028, 262, 630, 491, 1616, 29892, 4696, 29892, 470, 12845, 29889, 13, 29906, 29896, 29889, 1317, 28526, 29892, 14741, 408, 263, 11822, 29889, 13, 29906, 29906, 29889, 624, 5708, 6273, 411, 4045, 29889, 13, 29906, 29941, 29889, 11699, 14656, 2805, 4687, 373, 9595, 29889, 13, 29906, 29946, 29889, 5169, 1379, 11592, 29892, 25561, 411, 1583, 29889, 13, 29906, 29945, 29889, 319, 1365, 4841, 29762, 29892, 11847, 936, 5353, 1080, 29889, 13, 29906, 29953, 29889, 1317, 3109, 6136, 1135, 916, 2305, 29889, 13, 29906, 29955, 29889, 11699, 263, 18879, 4357, 5469, 29889, 13, 29906, 29947, 29889, 1815, 367, 10579, 2562, 2222, 29889, 13, 29906, 29929, 29889, 1317, 953, 8194, 635, 13714, 29892, 451, 5948, 24081, 300, 29889, 13, 29941, 29900, 29889, 11699, 2217, 907, 28157, 29889, 13, 29941, 29896, 29889, 1317, 6041, 528, 29891, 29892, 22909, 1765, 287, 29889, 13, 29941, 29906, 29889, 1317, 8444, 322, 443, 1311, 728, 411, 4045, 29889, 13, 29941, 29941, 29889, 476, 3905, 567, 2712, 28539, 322, 10668, 29891, 29889, 13, 29941, 29946, 29889, 19662, 2722, 263, 3287, 29889, 13, 29941, 29945, 29889, 2630, 1041, 1616, 322, 15409, 29889, 13, 29941, 29953, 29889, 10987, 29879, 372, 2898, 304, 9949, 2305, 29889, 13, 29941, 29955, 29889, 1317, 6041, 364, 1151, 304, 4045, 29889, 13, 29941, 29947, 29889, 1317, 8543, 29892, 4947, 2712, 2309, 29889, 13, 29941, 29929, 29889, 438, 15535, 23880, 14610, 29889, 13, 29946, 29900, 29889, 1317, 4280, 29892, 263, 6483, 1348, 261, 29889, 13, 29946, 29896, 29889, 1317, 2989, 310, 5864, 29889, 13, 29946, 29906, 29889, 1317, 8872, 14803, 310, 4045, 30010, 7609, 1080, 29889, 13, 29946, 29941, 29889, 1317, 23279, 29892, 508, 2337, 367, 29115, 373, 29889, 13, 29946, 29946, 29889, 476, 3905, 567, 1009, 23023, 1080, 1090, 2761, 29889, 13, 29946, 29945, 29889, 11699, 14656, 6382, 2827, 2712, 29889, 13, 29946, 29953, 29889, 1317, 5193, 1230, 29889, 13, 29946, 29955, 29889, 1815, 367, 11220, 322, 443, 4287, 292, 29889, 13, 29946, 29947, 29889, 951, 5989, 263, 4473, 29892, 1838, 30010, 29873, 5941, 701, 29889, 13, 29946, 29929, 29889, 390, 598, 368, 23880, 24937, 470, 13421, 29889, 13, 29945, 29900, 29889, 498, 19363, 22309, 322, 13582, 526, 289, 8253, 29889, 13, 29945, 29896, 29889, 27611, 414, 304, 505, 4045, 2125, 8323, 29889, 13, 29945, 29906, 29889, 1317, 1248, 568, 29892, 2085, 371, 681, 304, 4045, 29889, 13, 29945, 29941, 29889, 1317, 28152, 29892, 1736, 2745, 278, 3414, 338, 7743, 29889, 13, 29945, 29946, 29889, 323, 1975, 304, 4459, 316, 13120, 29892, 7254, 29889, 13, 29945, 29945, 29889, 11699, 2217, 4066, 297, 9846, 7014, 29889, 13, 29945, 29953, 29889, 1383, 1242, 263, 3287, 310, 23644, 3173, 29885, 29889, 13, 29945, 29955, 29889, 4007, 9351, 278, 1900, 1048, 2305, 29889, 13, 29945, 29947, 29889, 18512, 4010, 267, 3805, 26679, 14981, 29889, 13, 29945, 29929, 29889, 1317, 6238, 11491, 29892, 4947, 23023, 1848, 5948, 29889, 13, 29953, 29900, 29889, 1317, 2441, 29892, 5304, 701, 411, 716, 7014, 518, 29914, 25580, 29962, 13, 25271, 366, 363, 13138, 1438, 9506, 29991, 2266, 526, 590, 20890, 29901, 13, 13, 29896, 29889, 1317, 714, 17696, 29892, 5374, 519, 448, 29871, 29941, 313, 8139, 2121, 8661, 3643, 22941, 929, 29897, 13, 29906, 29889, 1317, 752, 465, 291, 403, 29892, 756, 263, 4964, 5192, 448, 29871, 29945, 313, 5015, 549, 368, 8661, 29897, 13, 29941, 29889, 323, 1975, 304, 367, 766, 6388, 1891, 448, 29871, 29946, 313, 29931, 1992, 8661, 29897, 13, 29946, 29889, 1317, 26681, 287, 29892, 17766, 22884, 1532, 448, 29871, 29945, 313, 5015, 549, 368, 8661, 29897, 13, 29945, 29889, 11699, 2846, 1616, 4695, 20017, 448, 29871, 29896, 313, 5015, 549, 368, 22941, 929, 29897, 13, 29953, 29889, 11699, 385, 4974, 573, 2022, 2877, 448, 29871, 29945, 313, 5015, 549, 368, 8661, 29897, 13, 29955, 29889, 1317, 3390, 1319, 29892, 2578, 1446, 4045, 411, 3390, 448, 29871, 29945, 313, 5015, 549, 368, 8661, 29897, 13, 29947, 29889, 323, 1975, 304, 367, 17366, 448, 29871, 29946, 313, 29931, 1992, 8661, 29897, 13, 29929, 29889, 624, 1036, 5994, 4695, 1156, 10623, 3277, 263, 731, 1627, 448, 29871, 29945, 313, 5015, 549, 368, 8661, 29897, 13, 29896, 29900, 29889, 1317, 12758, 1048, 1784, 1422, 2712, 448, 29871, 29945, 313, 5015, 549, 368, 8661, 29897, 13, 29896, 29896, 29889, 390, 598, 368, 23880, 24173, 470, 19888, 448, 29871, 29941, 313, 8139, 2121, 8661, 3643, 22941, 929, 29897, 13, 29896, 29906, 29889, 323, 1975, 304, 1284, 12570, 411, 4045, 448, 29871, 29946, 313, 29931, 1992, 8661, 29897, 13, 29896, 29941, 29889, 1317, 8839, 519, 29892, 27357, 448, 29871, 29945, 313, 5015, 549, 368, 8661, 29897, 13, 29896, 29946, 29889, 1317, 2730, 1486, 29892, 756, 701, 322, 1623, 286, 2092, 2381, 886, 448, 29871, 29946, 313, 29931, 1992, 8661, 29897, 13, 29896, 29945, 29889, 1317, 11817, 573, 29892, 14061, 23455, 5837, 304, 437, 2712, 448, 29871, 29945, 313, 5015, 549, 368, 8661, 29897, 13, 29896, 29953, 29889, 323, 1975, 304, 367, 11813, 448, 29871, 29941, 313, 8139, 2121, 8661, 3643, 22941, 929, 29897, 13, 29896, 29955, 29889, 5169, 1379, 2217, 29738, 363, 4045, 448, 29871, 29906, 313, 29909, 2217, 22941, 929, 29897, 13, 29896, 29947, 29889, 1317, 1788, 2454, 29892, 4188, 267, 304, 3013, 2712, 297, 1797, 448, 29871, 29945, 313, 5015, 549, 368, 8661, 29897, 13, 29896, 29929, 29889, 1815, 367, 260, 1947, 448, 29871, 29946, 313, 29931, 1992, 8661, 29897, 13, 29906, 29900, 29889, 1317, 21028, 262, 630, 491, 1616, 29892, 4696, 29892, 470, 12845, 448, 29871, 29945, 313, 5015, 549, 368, 8661, 29897, 13, 29906, 29896, 29889, 1317, 28526, 29892, 14741, 408, 263, 11822, 448, 29871, 29941, 313, 8139, 2121, 8661, 3643, 22941, 929, 29897, 13, 29906, 29906, 29889, 624, 5708, 6273, 411, 4045, 448, 29871, 29946, 313, 29931, 1992, 8661, 29897, 13, 29906, 29941, 29889, 11699, 14656, 2805, 4687, 373, 9595, 448, 29871, 29941, 313, 8139, 2121, 8661, 3643, 22941, 929, 29897, 13, 29906, 29946, 29889, 5169, 1379, 11592, 29892, 25561, 411, 1583, 448, 29871, 29945, 313, 5015, 549, 368, 8661, 29897, 13, 29906, 29945, 29889, 319, 1365, 4841, 29762, 29892, 11847, 936, 5353, 1080, 448, 29871, 29896, 313, 5015, 549, 368, 22941, 929, 29897, 13, 29906, 29953, 29889, 1317, 3109, 6136, 1135, 916, 2305, 448, 29871, 29946, 313, 29931, 1992, 8661, 29897, 13, 29906, 29955, 29889, 11699, 263, 18879, 4357, 5469, 448, 29871, 29945, 313, 5015, 549, 368, 8661, 29897, 13, 29906, 29947, 29889, 1815, 367, 10579, 2562, 2222, 448, 29871, 29941, 313, 8139, 2121, 8661, 3643, 22941, 929, 29897, 13, 29906, 29929, 29889, 1317, 953, 8194, 635, 13714, 29892, 451, 5948, 24081, 300, 448, 29871, 29945, 313, 5015, 549, 368, 8661, 29897, 13, 29941, 29900, 29889, 11699, 2217, 907, 28157, 448, 29871, 29896, 313, 5015, 549, 368, 22941, 929, 29897, 13, 29941, 29896, 29889, 1317, 6041, 528, 29891, 29892, 22909, 1765, 287, 448, 29871, 29941, 313, 8139, 2121, 8661, 3643, 22941, 929, 29897, 13, 29941, 29906, 29889, 1317, 8444, 322, 443, 1311, 728, 411, 4045, 448, 29871, 29945, 313, 5015, 549, 368, 8661, 29897, 13, 29941, 29941, 29889, 476, 3905, 567, 2712, 28539, 322, 10668, 29891, 448, 29871, 29946, 313, 29931, 1992, 8661, 29897, 13, 29941, 29946, 29889, 19662, 2722, 263, 3287, 448, 29871, 29941, 313, 8139, 2121, 8661, 3643, 22941, 929, 29897, 13, 29941, 29945, 29889, 2630, 1041, 1616, 322, 15409, 448, 29871, 29945, 313, 5015, 549, 368, 8661, 29897, 13, 29941, 29953, 29889, 10987, 29879, 372, 2898, 304, 9949, 2305, 448, 29871, 29941, 313, 8139, 2121, 8661, 3643, 22941, 929, 29897, 13, 29941, 29955, 29889, 1317, 6041, 364, 1151, 304, 4045, 448, 29871, 29946, 313, 29931, 1992, 8661, 29897, 13, 29941, 29947, 29889, 1317, 8543, 29892, 4947, 2712, 2309, 448, 29871, 29945, 313, 5015, 549, 368, 8661, 29897, 13, 29941, 29929, 29889, 438, 15535, 23880, 14610, 448, 29871, 29941, 313, 8139, 2121, 8661, 3643, 22941, 929, 29897, 13, 29946, 29900, 29889, 1317, 4280, 29892, 263, 6483, 1348, 261, 448, 29871, 29946, 313, 29931, 1992, 8661, 29897, 13, 29946, 29896, 29889, 1317, 2989, 310, 5864, 448, 29871, 29945, 313, 5015, 549, 368, 8661, 29897, 13, 29946, 29906, 29889, 1317, 8872, 14803, 310, 4045, 30010, 7609, 1080, 448, 29871, 29946, 313, 29931, 1992, 8661, 29897, 13, 29946, 29941, 29889, 1317, 23279, 29892, 508, 2337, 367, 29115, 373, 448, 29871, 29945, 313, 5015, 549, 368, 8661, 29897, 13, 29946, 29946, 29889, 476, 3905, 567, 1009, 23023, 1080, 1090, 2761, 448, 29871, 29946, 313, 29931, 1992, 8661, 29897, 13, 29946, 29945, 29889, 11699, 14656, 6382, 2827, 2712, 448, 29871, 29941, 313, 8139, 2121, 8661, 3643, 22941, 929, 29897, 13, 29946, 29953, 29889, 1317, 5193, 1230, 448, 29871, 29946, 313, 29931, 1992, 8661, 29897, 13, 29946, 29955, 29889, 1815, 367, 11220, 322, 443, 4287, 292, 448, 29871, 29906, 313, 29909, 2217, 22941, 929, 29897, 13, 29946, 29947, 29889, 951, 5989, 263, 4473, 29892, 1838, 30010, 29873, 5941, 701, 448, 29871, 29946, 313, 29931, 1992, 8661, 29897, 13, 29946, 29929, 29889, 390, 598, 368, 23880, 24937, 470, 13421, 448, 29871, 29941, 313, 8139, 2121, 8661, 3643, 22941, 929, 29897, 13, 29945, 29900, 29889, 498, 19363, 22309, 322, 13582, 526, 289, 8253, 448, 29871, 29896, 313, 5015, 549, 368, 22941, 929, 29897, 13, 29945, 29896, 29889, 27611, 414, 304, 505, 4045, 2125, 8323, 448, 29871, 29941, 313, 8139, 2121, 8661, 3643, 22941, 929, 29897, 13, 29945, 29906, 29889, 1317, 1248, 568, 29892, 2085, 371, 681, 304, 4045, 448, 29871, 29945, 313, 5015, 549, 368, 8661, 29897, 13, 29945, 29941, 29889, 1317, 28152, 29892, 1736, 2745, 278, 3414, 338, 7743, 448, 29871, 29945, 313, 5015, 549, 368, 8661, 29897, 13, 29945, 29946, 29889, 323, 1975, 304, 4459, 316, 13120, 29892, 7254, 448, 29871, 29941, 313, 8139, 2121, 8661, 3643, 22941, 929, 29897, 13, 29945, 29945, 29889, 11699, 2217, 4066, 297, 9846, 7014, 448, 29871, 29896, 313, 5015, 549, 368, 22941, 929, 29897, 13, 29945, 29953, 29889, 1383, 1242, 263, 3287, 310, 23644, 3173, 29885, 448, 29871, 29945, 313, 5015, 549, 368, 8661, 29897, 13, 29945, 29955, 29889, 4007, 9351, 278, 1900, 1048, 2305, 448, 29871, 29945, 313, 5015, 549, 368, 8661, 29897, 13, 29945, 29947, 29889, 18512, 4010, 267, 3805, 26679, 14981, 448, 29871, 29946, 313, 29931, 1992, 8661, 29897, 13, 29945, 29929, 29889, 1317, 6238, 11491, 29892, 4947, 23023, 1848, 5948, 448, 29871, 29946, 313, 29931, 1992, 8661, 29897, 13, 29953, 29900, 29889, 1317, 2441, 29892, 5304, 701, 411, 716, 7014, 448, 29871, 29945, 313, 5015, 549, 368, 8661, 29897]"
